"word","stem","usage"
"闇夜","あん‐や","幻冬舎文庫 大事なことほど小声でささやく 森沢明夫 大事なことほど小声でささやく 目 次 第一章　本田宗一の追伸 第二章　井上美鈴の解放 第三章　国見俊介の両翼 第四章　四海良一の蜻蛉 第五章　末次庄三郎の謝罪 第六章　権田鉄雄の阿吽 　遠い闇夜から、消防車のサイレンが聞こえてきた。 　"
"消防車","しょうぼう‐しゃ","幻冬舎文庫 大事なことほど小声でささやく 森沢明夫 大事なことほど小声でささやく 目 次 第一章　本田宗一の追伸 第二章　井上美鈴の解放 第三章　国見俊介の両翼 第四章　四海良一の蜻蛉 第五章　末次庄三郎の謝罪 第六章　権田鉄雄の阿吽 　遠い闇夜から、消防車のサイレンが聞こえてきた。 　"
"暗がり","くら‐がり","まぶたを薄く開けると、暗がりのなか、白い天井がぼんやりと浮かび上がって見えた。 　"
"転がす","ころがし","ふう……、と、ひとつ気怠いため息をついて、私はベッドの上で身体を転がし、海老のように丸くなった。 　"
"南側","みなみ‐がわ","部屋の南側の窓が目に入る。 　"
"換気","かん‐き","換気のために細く開けておいたその窓からは、街の湿った夜風が吹き込んでいた。 　"
"湿る","しめ・る","換気のために細く開けておいたその窓からは、街の湿った夜風が吹き込んでいた。 　"
"染み込む","しみ‐こ・む","幽かに揺れるレースのカーテンは仄白い月光を染み込ませていて、夢のように淡く発光して見えた。 　"
"淡い","あわ・い","幽かに揺れるレースのカーテンは仄白い月光を染み込ませていて、夢のように淡く発光して見えた。 　"
"奇声","き‐せい","続けて、酔っぱらいたちの奇声が近づいてくる。"
"無慈悲","む‐じひ","無慈悲に時を刻む、壁掛け時計の秒針だ。 　"
"ひとつ","ひと‐つ","チ、と、ひとつ針が動くたびに、自分の肉体を──あるいは、余命を、耳かきひとさじ分だけ削り取られるような気分になってしまうのだ。 　"
"針","しん","チ、と、ひとつ針が動くたびに、自分の肉体を──あるいは、余命を、耳かきひとさじ分だけ削り取られるような気分になってしまうのだ。 　"
"余命","よ‐めい","チ、と、ひとつ針が動くたびに、自分の肉体を──あるいは、余命を、耳かきひとさじ分だけ削り取られるような気分になってしまうのだ。 　"
"耳かき","みみ‐かき","チ、と、ひとつ針が動くたびに、自分の肉体を──あるいは、余命を、耳かきひとさじ分だけ削り取られるような気分になってしまうのだ。 　"
"ひと","ひと","チ、と、ひとつ針が動くたびに、自分の肉体を──あるいは、余命を、耳かきひとさじ分だけ削り取られるような気分になってしまうのだ。 　"
"酸欠","さん‐けつ","酸欠の金魚のように喘ぎながら、掛け布団を撥ね除けると、私は窓のある側のベッドサイドに起き上がった。 　"
"撥ねる","はね","酸欠の金魚のように喘ぎながら、掛け布団を撥ね除けると、私は窓のある側のベッドサイドに起き上がった。 　"
"撥ね除けると","はね‐の・ける","酸欠の金魚のように喘ぎながら、掛け布団を撥ね除けると、私は窓のある側のベッドサイドに起き上がった。 　"
"右手","みぎ‐て","右手の甲で額に触れた。 　"
"の","の","右手の甲で額に触れた。 　"
"甲","かぶと","右手の甲で額に触れた。 　"
"額","がく","右手の甲で額に触れた。 　"
"輪郭","りん‐かく","窓から淡く差し込む月光が、その丸みを帯びた輪郭を冷たくふちどっていた。 　"
"ふちどる","ふち‐ど・る","窓から淡く差し込む月光が、その丸みを帯びた輪郭を冷たくふちどっていた。 　"
"堪えがたい","こらえ","その堪えがたいリズムが、部屋の闇のなかにじりじりと堆積していく。 　"
"堆積","たい‐せき","その堪えがたいリズムが、部屋の闇のなかにじりじりと堆積していく。 　"
"抗う","あらが・う","私は胸を切られるような怖さに抗いながら、ただ、ひたすら冷たい金属の塊を上下させた。 　"
"上下","うえ‐した","私は胸を切られるような怖さに抗いながら、ただ、ひたすら冷たい金属の塊を上下させた。 　"
"薄らぐ","うすら・ぐ","筋肉に苦痛を受ければ、それと同じ分量だけ、秒針への不安は薄らいでゆくのだから。"
"改造","かい‐ぞう","近くの道路を違法改造のバイクが通った気がしたが、幻聴かも知れなかった。"
"幻聴","げん‐ちょう","近くの道路を違法改造のバイクが通った気がしたが、幻聴かも知れなかった。"
"究極","きゅう‐きょく","それでもなお、私は究極の苦痛に抗い続けた。 "
"叱咤","しっ‐た","いや、まだ、あと三回は上げられる──そう自分を叱咤する。 　"
"蒼い","あお・い","足元に置いたダンベルが月光を蒼く弾き返している。"
"弾き返す","はじき","足元に置いたダンベルが月光を蒼く弾き返している。"
"放心","ほう‐しん","私はなかば放心状態のまま、おもむろに窓辺に歩み寄ると、クリーム色をした半月を見上げた。 "
"追伸","つい‐しん","第一章　本田宗一の追伸 「痛てっ……」 　会社帰りの満員電車に揺られながら、本田宗一は思わず声を漏らした。 　"
"会社","かい‐しゃ","第一章　本田宗一の追伸 「痛てっ……」 　会社帰りの満員電車に揺られながら、本田宗一は思わず声を漏らした。 　"
"付け根","つけ‐ね","中指の付け根のあたりがミシッと嫌な音を立てたから、少なくとも痣にはなっているだろう。"
"見栄え","み‐ばえ","艶のあるストレートの黒髪のせいか、後ろ姿は見栄えがしていたのだが、しかし窓ガラスに映ったその顔は思いがけず地味だった。"
"口角","こう‐かく","とりわけ目元から唇の口角にかけてべったりと張り付いた疲労感が厚化粧の下からにじみ出ていて、何とも言えない薄幸な印象を醸していたのだ。"
"薄幸","はっ‐こう","とりわけ目元から唇の口角にかけてべったりと張り付いた疲労感が厚化粧の下からにじみ出ていて、何とも言えない薄幸な印象を醸していたのだ。"
"醸す","かも・す","とりわけ目元から唇の口角にかけてべったりと張り付いた疲労感が厚化粧の下からにじみ出ていて、何とも言えない薄幸な印象を醸していたのだ。"
"刻む","きざ・む","深い皺を刻んだ眉間。"
"眉間","まみ‐あい","深い皺を刻んだ眉間。"
"自嘲","じ‐ちょう","本田は胸のなかで自嘲気味に嗤うと、両手で吊り革にぶら下がって、自分も静かに目を閉じた。 　"
"へ","へ","得意先の会議室と、上司のデスクの脇で、へこへこと頭を下げる四十五歳の冴えない男。"
"へこへこ","へこ‐へこ","得意先の会議室と、上司のデスクの脇で、へこへこと頭を下げる四十五歳の冴えない男。"
"発端","はっ‐たん","出社してすぐに、三日前から頼んでいたプレゼン資料を、部下が作り忘れていることが発覚したのだが、それが、すべての発端だった。"
"背広","せびろ","しかし飛び出した五秒後には、空から降ってきた鳩の糞が背広の肩にペチャッと命中。"
"命中","めい‐ちゅう","しかし飛び出した五秒後には、空から降ってきた鳩の糞が背広の肩にペチャッと命中。"
"びす","ビス","それでも本田はきびすを返し、必死に駅の階段を駆け上がり、今度はタクシーをつかまえて乗り込んだ。"
"きびす","きびす","それでも本田はきびすを返し、必死に駅の階段を駆け上がり、今度はタクシーをつかまえて乗り込んだ。"
"付け焼き","つけ‐やき","そして、憮然とした表情を引きずったままの社長をなんとか席につかせ、恐る恐る付け焼き刃で作ったプレゼン資料をめくりながら新商品のパッケージ案を説明しはじめたのだが、まだ半分も話し終えていないうちに、清史郎社長に、精子──ではなく、制止されたのだった。 "
"宅","たく","お宅とは金輪際付き合えそうにないから」 「え、その……社長。"
"金輪際","こんりん‐ざい","お宅とは金輪際付き合えそうにないから」 「え、その……社長。"
"誠心","せい‐しん","この新商品のパッケージ案につきましては、もう誠心誠意……」 「もういいから。"
"誠意","せい‐い","この新商品のパッケージ案につきましては、もう誠心誠意……」 「もういいから。"
"やいなや","や‐いなや","そして、肩を落として帰社するやいなや、部長に呼びつけられて、みんなの前でこってり三十分も嫌みを言われ続けたのだった。 "
"厚紙","あつ‐がみ","いちばん最後に「郎」さえつけば、伝説の起業家である「ＨＯＮＤＡ」の創業者と同姓同名になるというのに、その一文字が足りないばっかりに、小さな厚紙加工メーカーの営業課長補佐にとどまっているのだと、遠回しに皮肉られたのである。 　"
"偏差値","へんさ‐ち","本田の会社での評価は、偏差値で言えば四十五くらいだろう。"
"補佐","ほ‐さ","同期入社は五人いるが、いまだに肩書きに「補佐」が付いているのは本田だけだった。"
"補佐","ほ‐さ","こういう強引さが少しでもあれば、いま頃、肩書きから「補佐」がとれていたかもなぁ……。 　"
"背広","せびろ","そのとき、ブーンと背広の内ポケットが振動した。"
"待","たい","メール画面を閉じると待受画面に切り替わった。"
"ま","ま","本田はその画面をまどやかな気分で見詰めた。"
"まど","ま‐ど","本田はその画面をまどやかな気分で見詰めた。"
"奮起","ふん‐き","仕事中、心と身体がくたびれ果てると、本田はデスクの下でこっそりこの写真を眺めては、自らを奮起させ、なんとかここまでがんばってこられたのだ。 　"
"倦怠","けん‐たい","朝、ネクタイを締めて一歩外に出れば、そこには倦怠感と劣等感を引きずって歩くような倦んだ日々が待ち受けている。"
"劣等感","れっとう‐かん","朝、ネクタイを締めて一歩外に出れば、そこには倦怠感と劣等感を引きずって歩くような倦んだ日々が待ち受けている。"
"上半身裸","かみ‐はんしん","◇　　　◇　　　◇ 　帰宅して、ひとっ風呂浴びた本田は、上半身裸のまま首にバスタオルをかけてリビングに入っていった。"
"上半身","かみ‐はんしん","◇　　　◇　　　◇ 　帰宅して、ひとっ風呂浴びた本田は、上半身裸のまま首にバスタオルをかけてリビングに入っていった。"
"発泡酒","はっぽう‐しゅ","そのまま発泡酒を求めて冷蔵庫へと向かう。"
"前のめり","まえ‐のめり","二人とも、やや前のめりになってテレビに魅入っている。"
"魅入る","み‐い・る","二人とも、やや前のめりになってテレビに魅入っている。"
"胸板","むな‐いた","「うわっ、この胸板、チョーかっこいい。"
"鍛える","きたえ","どんだけ鍛えてんのって感じじゃない？」 　"
"光らせる","ひから・す","休日の渋谷か原宿あたりを歩いていたら、風景にすんなり溶け込んでしまいそうな、いわゆる「いまどき」っぽい彩夏が、目をうるうると光らせている。"
"満悦","まん‐えつ","朋子まで「ホントねえ」などと言いながら、ご満悦の吐息を漏らしていた。 "
"吐息","と‐いき","朋子まで「ホントねえ」などと言いながら、ご満悦の吐息を漏らしていた。 "
"哀れむ","あわれ・む","そして本田を哀れむように眉尻を下げると、すれ違い様に本田の脇腹をチョンと突ついて夕飯の用意をしはじめた。 "
"脇腹","わき‐ばら","そして本田を哀れむように眉尻を下げると、すれ違い様に本田の脇腹をチョンと突ついて夕飯の用意をしはじめた。 "
"贅肉","ぜい‐にく","デブと言われるほどではないが、そこには確かに、若い頃にはなかった贅肉がぽってりとついていた。"
"ぽ","ぽ","デブと言われるほどではないが、そこには確かに、若い頃にはなかった贅肉がぽってりとついていた。"
"俗","しょく","俗にいう「浮き輪」というやつだ。"
"浮く","うき","俗にいう「浮き輪」というやつだ。"
"浮き輪","うき‐わ","俗にいう「浮き輪」というやつだ。"
"煙たがる","けぶた・い","来年は受験だろう」 　こういう意味もなくよそよそしい台詞こそが、思春期の娘にいちばん煙たがられるのだと知っているはずなのに、どういうワケだろう、気づけば自動的に口をついて出てしまう。 "
"悲嘆","ひ‐たん","日本中の家庭にありがちな「父親の片思い」に悲嘆しそうになった本田は、こぼれそうなため息を押し戻すように発泡酒を一気に飲み干して、空いた缶をギュッと握りつぶ……そうと思ったのだが、なんだか中途半端に潰れただけだった。"
"握力","あく‐りょく","歳のせいか、握力も弱っているようだ。"
"はじく","はじ・く","そのチラシの束をはじこうとした刹那、ふと本田は手を止めた。 　"
"刹那","せつな","そのチラシの束をはじこうとした刹那、ふと本田は手を止めた。 　"
"嘲笑","ちょう‐しょう","内心で嘲笑しながらも、《いまなら入会金無料！　"
"蛍光灯","けいこう‐とう","ガラス張りのドアを開け、蛍光灯が煌々と光るジムのなかに入ると、一瞬、ムワッとした空気に押し返されそうになった。"
"頭文字","かしら‐もじ","じつは、スポーツ・アンド・ビューティーの頭文字で、ＳＡＢなんです」 「ああ、なるほどね。"
"巨漢","きょ‐かん","なかなか、あそこまでマッチョな人はいませんよね」 　すると、本田とスタッフの視線を感じたのか、権田という巨漢が丸太のような首をねじって、ぬっとこちらに振り向いた。"
"大胸筋","だい‐きょうきん","そして乳首の土台となる大胸筋の迫力が半端ではなかった。"
"別個","べっ‐こ","まるでそれ自体が別個の生き物みたいにメリメリとうねり、皮膚の下の筋繊維の束が透けて見えるようだったのだ。"
"メリメリ","めり‐めり","まるでそれ自体が別個の生き物みたいにメリメリとうねり、皮膚の下の筋繊維の束が透けて見えるようだったのだ。"
"筋繊維","きん‐せんい","まるでそれ自体が別個の生き物みたいにメリメリとうねり、皮膚の下の筋繊維の束が透けて見えるようだったのだ。"
"至近距離","しきん‐きょり","本田は野生のヒグマとバッタリ至近距離で出くわしたような気分になり、両腕に鳥肌を立てた。"
"すぼまる","すぼま・る","と、そのとき、権田の大きな唇がキュッとすぼまった──と思ったら、次の瞬間──。 　"
"悪寒","お‐かん","それがどんな世界なのかは、まるっきり分からないけれど、とにかく、これまでとはひと味もふた味も違った濃い人生がはじまる──そんな悪寒、じゃなくて予感を抱かずにはいられなかった。 　"
"歩","かち","そこから四歩半進み、巨漢の目の前で立ち止まった。 　"
"巨漢","きょ‐かん","そこから四歩半進み、巨漢の目の前で立ち止まった。 　"
"上下","うえ‐した","両手に持った巨大なダンベルを上下させて、上腕二頭筋を鍛えているのだ。"
"上腕二頭筋","じょうわん‐にとうきん","両手に持った巨大なダンベルを上下させて、上腕二頭筋を鍛えているのだ。"
"調教","ちょう‐きょう","あたしがしっかり調教してあげるから。"
"叱咤","しっ‐た","最初の五回目までは楽勝気分だったのだが、なぜか六回、七回目からぐぐぐっと急に重くなり、八回目の途中で力尽きてあきらめようとしたところで、ゴンママから叱咤されたのだった。 "
"平々凡々","へいへい‐ぼんぼん","取り柄も、特徴もなく、人に褒められもしなければ、けなされもしないという平々凡々な日々。"
"極意","ごく‐い","「あなた、言っとくけどね、いちばん苦しいときに笑うって、じつは人生の極意なのよ」 「なるほど……」たしかにそうかも知れない。 　"
"粋","いき","しかも、いちばん苦しいときに笑うなんて、なかなか粋じゃないか。 　"
"ひしめく","ひし‐め・く","◇　　　◇　　　◇ 　スポーツクラブＳＡＢを出て、駅の裏通りの飲食店がひしめく小さな繁華街に向かって歩き出した。 　"
"繁華街","はんか‐がい","◇　　　◇　　　◇ 　スポーツクラブＳＡＢを出て、駅の裏通りの飲食店がひしめく小さな繁華街に向かって歩き出した。 　"
"産婦人科","さんふじん‐か","十七年前の秋、本田はキンモクセイの香りのなかを歩いて産婦人科へと通っていた。"
"新米","しん‐まい","出産後の入院をしている新米ママの朋子と、生まれたてほやほやの彩夏に会うために、パパになりたてほやほやの本田は会社帰りに通っていたのだ。"
"追懐","つい‐かい","とにかく、こんなにいいものだとは知らなかったです」 　本田は、ついさっき味わったトレーニングの達成感を追懐しながら、しみじみと言ったのだが、すかさずゴンママはニヤリと笑ってこう返すのだ。 "
"童貞","どう‐てい","「あたしは童貞を喪失したときの感想なんて聞いてないわよ」 　童貞って？　"
"番人","ばん‐にん","あたしのお店の番人なのよ。"
"身体","からだ","あ、猫だから、番人じゃなくて、番猫ね」 　チロは本田をじっと見上げたまま、もう一度「みゃあ」と鳴くと、漆黒の身体を脛にすり付けてきた。 "
"脛","すね","あ、猫だから、番人じゃなくて、番猫ね」 　チロは本田をじっと見上げたまま、もう一度「みゃあ」と鳴くと、漆黒の身体を脛にすり付けてきた。 "
"て","て","しっとりとして艶のある、きれいな毛並みをしていた。"
"艶","あで","しっとりとして艶のある、きれいな毛並みをしていた。"
"従う","したが・う","せっかく懐いてくれたチロに、そこはかとない失望を覚えながら、本田も巨漢の背中に従った。 "
"邂逅","かい‐こう","むしろ、旧友に邂逅したような、照れ臭くも愉しいような気分にさせられてしまう。 "
"歯医者","は‐いしゃ","「ケラちゃん、このゴツくて馴れ馴れしい金髪ソフトモヒカン男はね、四海良一さんっていって、こう見えても歯医者さんなのよ。"
"肥大","ひ‐だい","「それじゃあ、ケラさんの筋肥大に、カンパーイ！」 　"
"講習会","こうしゅう‐かい","ほんと、つまんない講習会だったからさ、もう途中から眠くて仕方なくて、こっそり机の下で腸腰筋のアイソメトリックをやってたよ」 「アイソメトリックって、何です？」 　"
"盛る","さかん","年齢は六十八歳だというから、なかなかにお盛んだが、さすがにご老体のため、マッチョではないらしい。 　"
"カッ","かっ","ミレイちゃんはああ見えて、芯はお堅いイイ子なのよ」と言って、三杯目のジョッキをカッポリと飲み干した。"
"巨漢","きょ‐かん","この巨漢が飲むと、ジョッキがお猪口に見えてくる。 "
"猪口","い‐ぐち","この巨漢が飲むと、ジョッキがお猪口に見えてくる。 "
"優等生","ゆうとう‐せい","あははは」 　センセーのベタな下ネタを本田は受け流したけれど、カオリちゃんは、ひとり頰をピンク色に染めながら、優等生っぽくクイッとメガネの位置を直した。"
"慇懃","いん‐ぎん","慇懃すぎず、かといって砕けすぎず、とても好感の持てる接客をする娘だ。 "
"肥大","ひ‐だい","じゃあ、もう一杯もらいます」 　そして、二度目の「筋肥大に乾杯！」"
"面々","おも","ゴンママかセンセーに会えた日は、毎回みっちりと筋トレを教わり──というか、ドＭとドＳの関係でビシバシ調教され、そして噂の「濃い面々」とも知り合えた。 　"
"確立","かく‐りつ","このトライアングルが確立されたことで、本田の生活は徐々に変わりはじめた。"
"覇気","は‐き","しかも、なんだか若い頃のように身体に覇気がみなぎってきて、満員電車でつま先立ちをしてみたり、会社の最寄り駅のひとつ手前の駅で降りて、ウォーキングをしながら通勤するようにもなったのだ。 　"
"回春","かい‐しゅん","センセーのクリニックでは歯石落としをやってもらったし、スケベなシャチョーには怪しい中国製の回春剤とやらをプレゼントしてもらった（怖くて飲んでいないけれど）。"
"大胸筋","だい‐きょうきん","心なしか大胸筋がついてきた気がする本田に、ゴンママが入門編として教えてくれたのだった。 　"
"立つ瀬","たつ‐せ","シュン君にならともかく、実の娘に「キモ……」などと言われては、立つ瀬がないが、しかし、いまの自分のナルシスティックな行動を冷静に考えれば、たしかにキモいと言われても仕方がないような気もしてくる。 　"
"甦る","よみ‐がえ・る","そして同時に、あの台詞が脳裏に甦ってきたのだった。 　"
"が","が","そして同時に、あの台詞が脳裏に甦ってきたのだった。 　"
"脳裏","のう‐り","そして同時に、あの台詞が脳裏に甦ってきたのだった。 　"
"突拍子","とっ‐ぴょうし","そんな突拍子もない相談を朋子に持ちかけられたのは、二月三日の節分の夜のことだった。"
"脳天","のう‐てん","この日も本田はトレーニングを終えてから帰宅し、いつもの「至福のビール」を味わっていたのだが、その隕石のような台詞が本田の脳天を直撃するやいなや、ひとときの小さな至福など粉々に砕け散ってしまった。 "
"直撃","ちょく‐げき","この日も本田はトレーニングを終えてから帰宅し、いつもの「至福のビール」を味わっていたのだが、その隕石のような台詞が本田の脳天を直撃するやいなや、ひとときの小さな至福など粉々に砕け散ってしまった。 "
"飛躍","ひ‐やく","話が飛躍しすぎてるだろ。"
"苛立つ","いら‐だち","自分のいないところで勝手に話が進められていることに、本田は苛立ちを覚えた。 　"
"秒針","びょう‐しん","コチ、コチ、コチ……という壁掛け時計の秒針の音が、やけに大きく聞こえていた。 　"
"あっけらかん","あっけら‐かん","そして、意外なくらい、あっけらかんとした声色で言ったのだ。 "
"親指","おや‐ゆび","「正解です」朋子が親指を立てた。 　"
"絡める","から・む","街灯に照らされた下り坂を歩いていると、朋子が腕を絡めてきた。 "
"便箋","びん‐せん","分かった」と頷いた本田は、白い封筒を開けて、三つ折りになっている便箋を開いてみた。"
"液晶","えき‐しょう","携帯の液晶が、待受画面になる。 　"
"待","たい","近いうちに、待受用の写真を撮り直そう。"
"かしましい","かしまし・い","これからもよろしくね♪》 第二章　井上美鈴の解放 　ダミ声がかしましかった五十路がらみのサラリーマン二人組が店を出ると、薄暗い「スナックひばり」に静けさが戻った。"
"芸能人","げいのう‐じん","「いまのお客さん、会計のときにミレイちゃんのことを芸能人かって訊いてきたわよ。"
"ニュー","ニュー","そしたら、あんなに美人なニューハーフは二丁目でも見たことないって、目を丸くしてたわ。"
"ニューハーフ","ニュー‐ハーフ","そしたら、あんなに美人なニューハーフは二丁目でも見たことないって、目を丸くしてたわ。"
"清楚","せい‐そ","「ミレイさんが、本当は超売れっ子の漫画家さんだなんて知ったら、あの方たち、もっとびっくりしたでしょうね」 　バーテンダーの制服を凜々しく着こなした従業員のカオリちゃんが、くすっと笑いながら清楚な声を出した。"
"龍助","たつ","今回はね、主人公の龍助がはじめて女の子にフラれるシーンを描こうと思ってるんだけど、なんか、こう、粋なフラれ方がちっとも思い浮かばなくてさ……。"
"口説く","くど・く","そのカクテルはね、男性に口説かれている女性が、スマートにお断りをするときに飲むものなのよ」 　男が口説く……それにたいして、女性が「無理な相談」という意味のカクテルを飲む。 "
"自宅","じ‐たく","そろそろ自宅兼アトリエに戻って、仕事をしなくてはならない。"
"兼","けん","そろそろ自宅兼アトリエに戻って、仕事をしなくてはならない。"
"嘔吐","おう‐と","なんとか嘔吐をこらえ、深呼吸を繰り返しつつ路地に出ると、足元に黒い塊を見つけた。"
"あっけらかん","あっけら‐かん","この娘は、今年二十二歳になったばかりのあっけらかんとした性格の子で、どんなに〆切に追われて忙しくても嫌な顔ひとつしないし、仕事のスピードも申し分ないという、まさにアシスタントの鑑のような存在だった。"
"〆切","さい","この娘は、今年二十二歳になったばかりのあっけらかんとした性格の子で、どんなに〆切に追われて忙しくても嫌な顔ひとつしないし、仕事のスピードも申し分ないという、まさにアシスタントの鑑のような存在だった。"
"不可解","ふか‐かい","そこで美鈴は、筋肉を育てることに情熱を燃やす不可解な男たちと出会い、そして彼らの肉体をつぶさに観察しているうちに、漫画の登場人物の身体の描き方がメキメキと上達し、作品に躍動感が生まれたのだった。 　"
"うなぎ","うなぎ","すると美鈴の描く主人公は、みるみる粋なプレイボーイへと成長していき、それに比例して「月光の拳士」の人気もうなぎのぼりになったのだった。 　"
"うなぎのぼり","うなぎ‐のぼり","すると美鈴の描く主人公は、みるみる粋なプレイボーイへと成長していき、それに比例して「月光の拳士」の人気もうなぎのぼりになったのだった。 　"
"自己暗示","じこ‐あんじ","そして、いつものように自己暗示をかける。 　"
"営む","いとな・む","「あと、先生、茨城から、また荷物が届いてますよ」 　茨城というのは、農業を営んでいる美鈴の実家のことだった。"
"脇","きょう","「コピー機の脇に置いておきました。"
"覗く","のぞき","背後から麻美が覗き込んでいる。 　"
"鮮明","せん‐めい","美鈴の脳裏に、しだれ桜の咲く庭の情景が鮮明に浮かんできた。"
"重篤","じゅう‐とく","美鈴の父は、重篤なレベルのＣＯＰＤ患者だった。"
"慢性閉塞性肺疾患","まんせいへいそくせい‐はいしっかん","ＣＯＰＤとは慢性閉塞性肺疾患の略称で、煙草などによって肺胞の壁が破壊され、正常な呼吸ができなくなる病だ。"
"供給","きょう‐きゅう","根気よく薬と呼吸理学療法を併用し続けたものの、病状はまるで良くはならず、いまは自宅で安静にしながら酸素供給機の管を鼻に通して、なんとか呼吸をしている状況だった。 　"
"併用","へい‐よう","根気よく薬と呼吸理学療法を併用し続けたものの、病状はまるで良くはならず、いまは自宅で安静にしながら酸素供給機の管を鼻に通して、なんとか呼吸をしている状況だった。 　"
"年老いる","とし‐おい","年老いた祖父母だって、作物の面倒を見なければならないのだから、そうそう遊んでなどいられない。"
"関節","かん‐せつ","美鈴は首を左右にかしげるようにして関節をコキコキと鳴らしながらアトリエを出て、奥のリビングへと入った。"
"振動","しん‐どう","美鈴を夢から引きずり出したのは、枕元の携帯の振動音だった。 　"
"身支度","み‐じたく","美鈴はのそのそとベッドから這い出して、気怠さと闘いながら身支度を整えた。"
"多忙","た‐ぼう","かつては多忙にまかせて数人のアシスタントを雇っていたこともあるのだが、作品のクオリティを第一に考えた結果、腕の立つ麻美だけに残ってもらったのだ。 "
"突拍子","とっ‐ぴょうし","それくらいしてもいいと思いますよ」 　麻美の突拍子もない発言に、美鈴は笑ってしまった。 "
"休載","きゅう‐さい","あ、でも、一ヶ月間の休載で、わたしの給料がなくなっちゃうのは困るなあ……」 　今度は、二人そろって噴き出した。 "
"断然","だん‐ぜん","「断然、前腕萌えです」 「あははは。"
"前腕","ぜん‐わん","「断然、前腕萌えです」 「あははは。"
"横断","おう‐だん","わたしも片付けるの手伝う」 　美鈴は三十五キロのダンベルを両手でぶら下げたまま、フリーウエイトゾーンをよたよたと横断し、それをラックの所定の位置に置こうとした。"
"所定","しょ‐てい","わたしも片付けるの手伝う」 　美鈴は三十五キロのダンベルを両手でぶら下げたまま、フリーウエイトゾーンをよたよたと横断し、それをラックの所定の位置に置こうとした。"
"この","この","とにかく、この鼻息をいつまでも聞いていると気分が悪くなりそうだったので、もう一度、編集長に電話を替わってくれと言いかけたとき──ふいに西山が声を押し殺してしゃべり出したのだった。 "
"鼻息","はな‐いき","とにかく、この鼻息をいつまでも聞いていると気分が悪くなりそうだったので、もう一度、編集長に電話を替わってくれと言いかけたとき──ふいに西山が声を押し殺してしゃべり出したのだった。 "
"迫る","せま・る","こうしている間にも、〆切は刻々と迫ってくるのだ。 　"
"盛大","せい‐だい","「野菜は、たくさんあるけど……」 《あら、じゃあ、作り置きのできる野菜カレーでも作って、今夜はドッカーンと盛大にパーティーね》 　野菜カレー。"
"巨漢","きょ‐かん","スリッパはそこにあるけど、ゴンママのは……」 「あたしは指人形になっちゃうから、そんなもの履かないわよぉ」 　冗談を言いながら、巨漢が家のなかに入ってきた。 　"
"尊敬","そん‐きょう","麻美がそれを尊敬のまなざしで眺めながら、二人の手伝いをしていた。 "
"豪快","ごう‐かい","「彼、花粉症だったみたいで、いきなり顔をそむけて豪快なくしゃみをしちゃったの。"
"無邪気","む‐じゃき","カオリちゃんは無邪気な顔をして痛いところをつく。"
"親孝行","おや‐こうこう","ゆっくり実家に帰って、たまには親孝行してやりなさいよ」 　ゴンママがあっという間にカレーをたいらげて言った。 "
"たいらげる","たいら・ぐ","ゆっくり実家に帰って、たまには親孝行してやりなさいよ」 　ゴンママがあっという間にカレーをたいらげて言った。 "
"巻く","ま・く","美鈴は包帯を巻かれた人さし指を見た。 "
"背筋","せ‐すじ","「は、はい……」 　ギロリと巨漢に見据えられて、西山の背筋がピンと伸びる。 "
"救う","すく・う","カミカゼのカクテル言葉は、あなたを救う、です」 　いつものキュートなスマイルで平然と答えたカオリちゃんは、生徒会長っぽい銀縁メガネの位置をくいっと直した。 "
"至近距離","しきん‐きょり","グローブみたいな手で腕をつかまれたうえに、ギロリと至近距離で目を覗き込まれた西山は、思わず身震いをした。"
"覗く","のぞき","グローブみたいな手で腕をつかまれたうえに、ギロリと至近距離で目を覗き込まれた西山は、思わず身震いをした。"
"身震い","み‐ぶるい","グローブみたいな手で腕をつかまれたうえに、ギロリと至近距離で目を覗き込まれた西山は、思わず身震いをした。"
"賭ける","かけ","しかし、それでも最後のプライドを賭けたのだろう、ゴンママに向かって震える声で言い返したのだ。 "
"風圧","ふう‐あつ","西山はその風圧にひっくり返りそうになったけれど、なんとか後ろに手をついてこらえた。"
"思案","し‐あん","そして、思案に暮れたような顔でうつむいた。 　"
"寂れる","さび・れる","◇　　　◇　　　◇ 　鈍行電車がローカル線の寂れた駅に停車した。 　"
"悪戯","あく‐ぎ","ちょっとした悪戯心を芽生えさせた美鈴は、あえて正面玄関からは入らず、こっそり勝手口へと回った。"
"両翼","りょう‐よく","第三章　国見俊介の両翼 　男性用ロッカールームの鏡に顔をぐいっと近づけて、国見俊介は前髪を指先でいじった。"
"愉快","ゆ‐かい","そして、そのゴンママと愉快そうにしゃべっているのは、みんなから「シャチョー」と呼ばれているスケベ極まりない白髪の爺さんだった。"
"それにしても","それに‐しても","それにしても、いいよなぁ、青春ってのは」 　不躾なシャチョーさんの台詞に少しムッとしたけれど、たしかに自分はまだ童貞だったし、正直、まともに付き合った女性すらいない。"
"口説く","くど・く","「じゃあシュン君よ、あんたはどうやって女を口説くんだ？　"
"不躾","ぶ‐しつけ","それにしても、いいよなぁ、青春ってのは」 　不躾なシャチョーさんの台詞に少しムッとしたけれど、たしかに自分はまだ童貞だったし、正直、まともに付き合った女性すらいない。"
"憎める","にく・む","この、あまりにも裏表のない顔が、なんだか憎めないのだ。 "
"つぐ","つい","「得意なんだろ、アレ」 　悪気のない顔で言って、シャチョーさんが俊介の肩を突ついた。 　"
"突","とつ","「得意なんだろ、アレ」 　悪気のない顔で言って、シャチョーさんが俊介の肩を突ついた。 　"
"ネクラ","ね‐くら","ネクラに思われるのが嫌で、ジムでは内緒にしていたのだが、じつは俊介の特技は昔から紙ヒコーキ作りなのだ。 "
"憧憬","しょう‐けい","広い空をのびのびと飛んでいく「翼」に、憧憬のような想いを抱いていたのだ。 　"
"矛盾","む‐じゅん","さらにやっかいなのは、その矛盾について突っ込むと、「社会ってのは、そういうものだ」なんて、知ったような顔で上からモノを言うことだ。 "
"卑屈","ひ‐くつ","「なあ国見、お前が小生意気なのはさ、やっぱ、お母さんがいなくて卑屈になってるからなのか？」 　"
"青天の霹靂","セイテンノヘキレキ","◇　　　◇　　　◇ 　そんなジムで「青天の霹靂」を味わったのは、土砂降りの木曜日のことだった。 　"
"萎縮","い‐しゅく","とにかく紹介してやるよ」 　俊介が歩き出すと、後ろにちょっと萎縮した様子の恵那が付いてきた。"
"愚痴る","ぐ‐ち","内心で愚痴ってはみるけれど、しかし愚痴るほどに、身体の芯に得体の知れないパワーが湧いてきて、余計にぐいぐいと自分を追い込んでしまう。"
"狼狽","ろう‐ばい","狼狽する俊介を、周囲がからかう。 "
"アキレス腱","アキレス‐けん","だって、あのきれいなアキレス腱だもん。"
"染み込む","しみ‐こ・む","はじめてまともに飲んだアルコールが、脳味噌に甘く染み込んでいって、世の中がみるみるバラ色になってしまったのだ。"
"追う","お・う","そこにゴンママが追い討ちをかけてきた。 "
"苛める","さいな・む","「こらこら、みんなシュン君を苛めないの。"
"純愛","じゅん‐あい","「よし、みんなでシュン君の純愛を応援しよう！　"
"盛大","せい‐だい","みんなのグラスがカツカツと盛大にぶつかり合った。 　"
"お開き","お‐ひらき","そして宴会がお開きになる直前、つい、シャチョーとこんな賭けをしてしまったのだ。 "
"賭ける","かけ","そして宴会がお開きになる直前、つい、シャチョーとこんな賭けをしてしまったのだ。 "
"唾","だ","すると、なぜか、フラれたときのことを想像してしまって、思わずゴクリと唾を飲み込んでしまう。"
"瀬戸際","せと‐ぎわ","シュン君はいま、男になるかどうかの瀬戸際でがんばってるんだもの。"
"発散","はっ‐さん","胃のあたりから込み上げてくる感情は、とても嫌な熱をはらんでいて、俊介はそれをトレーニングで発散させ続けた。"
"摂取","しょう‐しゅ","ゴンママや四海センセーを見つければ指導をあおぎ、ゲームソフトや漫画を買うはずだった小遣いはサプリメント代金にまわして、クレアチン、ＢＣＡＡ、プロテインを充分に摂取した。"
"根底","こん‐てい","夜更かしだらけの生活も根底からあらためて、睡眠時間を長くとるようにもした。"
"分泌","ぶん‐ぴ","筋肥大に欠かせない成長ホルモンは、寝ているときに大量に分泌されるのだ。 　"
"体幹","たい‐かん","ならば手っ取り早くベンチプレスに使う大胸筋と上腕三頭筋だけを鍛えさえすればいいような気もするが、ゴンママのすすめで体幹や肩まわりのインナーマッスルの強化にまで精を出した。"
"雨滴","う‐てき","細かい雨滴に濡れながら、俊介はジムへと自転車を飛ばした。"
"仕種","し‐ぐさ","美鈴さんは、信じられないほどキュートな仕種で「あかんべー」をして、悪戯っぽく笑い返した。 "
"悪戯","あく‐ぎ","美鈴さんは、信じられないほどキュートな仕種で「あかんべー」をして、悪戯っぽく笑い返した。 "
"反故","ほう‐ぐ","でもさ、シャチョーさんが約束を反故にするなら……」 　四海センセーが俊介を見た。"
"帰路","き‐ろ","ロータリーの周辺には、両肩から疲労を漂わせたサラリーマンたちが、それぞれ小さな靴音を響かせて帰路を歩いていた。 　"
"威圧","い‐あつ","そして、少々威圧感のあるドアの前に立った。"
"流麗","りゅう‐れい","流麗な手つきでグラスを乾布で拭きながら、カオリちゃんがくすっと笑う。"
"お粗末さま","おそまつ‐さま","あ、これ、ご馳走さまでした」 　俊介が言うと、ゴンママは「お粗末さま」と言って微笑んだ。 "
"嘆息","たん‐そく","「…………」 「でもさ、高校生になってから引っ越すときに、また、同じ人から、同じような紙ヒコーキを飛ばしてもらえるとは思わなかったなぁ」俊介を睨んでいた視線を夏の夜空に移すと、恵那は感慨深げに嘆息した。"
"見遣る","み‐やり","その駅の方を見遣りながら、恵那が小さめの声を出した。 "
"告","こう","「今度の紙ヒコーキは、告ってくれたってこと？」 "
"蜻蛉","あきず","第四章　四海良一の蜻蛉 　午後七時。 　"
"緩む","ゆる・む","スポーツクラブＳＡＢのトレーニングジムのドアをくぐると、歯科医師・四海良一は、自分の頰が緩むのを感じた。 "
"悲哀","ひ‐あい","十代のある一時期は、父親から離れようとするもんだ」 「そんなもんですかねえ」 「まあ、それが世に言う父親の悲哀ってやつだな」 　そこまで言うと、ふいにシャチョーがこちらを振り向いた。 "
"強壮剤","きょうそう‐ざい","もしアレなら、強壮剤飲んでみるか？　"
"野暮","やぼ","「こら、エロシャチョー、他人の家の性生活に口を突っ込むなんて野暮だわよぉ。"
"重厚","じゅう‐こう","運転席の重厚なドアを閉めると、とたんに静寂に包まれる。"
"無秩序","む‐ちつじょ","奇怪なカタチをした工場が闇のなかで林立し、一見、無秩序に取り付けられた無数の黄色い灯りが、闇夜を淡いセピアに染め上げているのだ。 　"
"沈殿","ちん‐でん","左右の風景がビュンビュンと後方へ飛んでいくと、四海の胸に沈殿している憂鬱も、少しずつ振り落とされていく気がした。 　"
"道端","みち‐ばた","ぽつんと道端に捨て置かれたようなその自販機に、わけもなく親近感を感じて、四海は車を止めた。 　"
"震わせる","ふるわ・せる","時折、びゅっと海からの風が吹き付けてきて、トレードマークの金色のソフトモヒカンを震わせた。 　"
"港","こう","左手奥に見える立ち入り禁止の港には、巨大な貨物船が停泊している。"
"停泊","てい‐はく","左手奥に見える立ち入り禁止の港には、巨大な貨物船が停泊している。"
"煙突","えん‐とつ","煙突の先端からは煙が盛大に立ちのぼり、ほとんど真横に流されている。 　"
"灰","かい","五歳になったばかりの娘、葉月が、かさついた骨片と白い灰になった「あの日」だ。 　"
"火葬場","かそう‐ば","町外れの火葬場の煙突と、目の前の工場の煙突が、なんだかよく似ている気がしたのだ。 　"
"煙突","えん‐とつ","町外れの火葬場の煙突と、目の前の工場の煙突が、なんだかよく似ている気がしたのだ。 　"
"脳裏","のう‐り","想像しようとしたけれど、脳裏に浮かぶのは病床で力なく微笑む五歳の葉月の顔だった。 　"
"震わせる","ふるわ・せる","カーン、カーン、と工場の金属音がセピア色の夜を震わせる。 　"
"衰弱","すい‐じゃく","けれど、途中からは衰弱していった。"
"抑揚","よく‐よう","「お帰りなさい」 　あまり抑揚のない由佳の返事。"
"小児","しょう‐に","それは、まだ、葉月の身体に小児癌が見つかる前の、幸せな日常のひとこまだった。 　"
"未練","み‐れん","そして、未練を断ち切れないままの自分に──今日がいかに楽しくて、生きる価値のある一日であったかを。 　"
"秒針","びょう‐しん","壁掛け時計の秒針が存在を主張しはじめたリビングは、普段よりもずいぶんと広く感じる。 　"
"潜り込む","もぐり‐こ・む","そして、おもむろにテーブルの下に潜り込んだ。"
"子煩悩","こ‐ぼんのう","子煩悩だった四海は、娘の死を受け入れられず、ほとんど抜け殻のようになってしまったのだが、由佳はその分、歯を食いしばって前を向き、必死に笑顔を浮かべては、四海の精神的な支えとなっていた。 　"
"差し障る","さし‐さわ・る","その症状は決して軽くはなく、わずかでも空腹を感じると背中にひどい疼痛が突き抜け、仕事に差し障るほどだった。 　"
"実母","じつ‐ぼ","今度は田舎の実母までもが他界してしまったのだ。 　"
"他界","た‐かい","今度は田舎の実母までもが他界してしまったのだ。 　"
"気丈","き‐じょう","もはや完膚なきまでに打ちのめされた四海の姿を見て、由佳はいっそう気丈に振る舞い続けた。 　"
"揺るぐ","ゆる・ぐ","やがて、夫婦関係を根底から揺るがせる事件が起きた。 　"
"灯る","とぼ・る","瞳の奥に優しく灯っていた、あの灯台の灯りさえもしぼんで消えてしまった。"
"灯台","とう‐だい","瞳の奥に優しく灯っていた、あの灯台の灯りさえもしぼんで消えてしまった。"
"灯る","とぼ・る","瞳の奥に優しく灯っていた、あの灯台の灯りさえもしぼんで消えてしまった。"
"やがて","やがて","やがて焦点が曖昧になった由佳の両目から、ぽろりぽろりとしずくがこぼれはじめた。 "
"焦点","しょう‐てん","やがて焦点が曖昧になった由佳の両目から、ぽろりぽろりとしずくがこぼれはじめた。 "
"垂らす","たらし","椅子に浅く座り、糸の切れた操り人形みたいにだらりと両腕を体側に垂らしたまま、苦し気に速い呼吸をしていた由佳は、やがて、顔を上に向け、堰を切ったように嗚咽しはじめた。"
"重苦しい","おも‐くるし・い","夫婦間の会話が減ると、たびたび沈黙が家のなかを支配して、空気を重苦しくさせた。 　"
"幾度","いく‐たび","そのたびに四海はひどい罪悪感に苛まれ、幾度も、幾度も、あの夜のことを由佳に詫びたのだが、しかし、由佳はぼんやりとした顔で「うん、もうべつにいいってば。"
"無慈悲","む‐じひ","日々、家庭のなかに生じる沈黙は、無慈悲な牡丹雪のように四海のなかに堆積し、少しずつ重みを増し、心を芯まで凍えさせた。 　"
"堆積","たい‐せき","日々、家庭のなかに生じる沈黙は、無慈悲な牡丹雪のように四海のなかに堆積し、少しずつ重みを増し、心を芯まで凍えさせた。 　"
"芯","しん","日々、家庭のなかに生じる沈黙は、無慈悲な牡丹雪のように四海のなかに堆積し、少しずつ重みを増し、心を芯まで凍えさせた。 　"
"凍える","こぎ・える","日々、家庭のなかに生じる沈黙は、無慈悲な牡丹雪のように四海のなかに堆積し、少しずつ重みを増し、心を芯まで凍えさせた。 　"
"軌道","き‐どう","◇　　　◇　　　◇ 「そんなわけでさ、仕事は軌道に乗ったんだけど、家に居るのがちょっと辛くてさ……」 　スナックひばりのいつものカウンターに腰掛けた四海は、カオリちゃんが作ってくれたギムレットをちびちびと飲んだ。"
"寡黙","か‐もく","「センセーの苦手な『寡黙』っていう意味よ」 ◇　　　◇　　　◇ 　葉月の三回目の命日は、ちょうどクリニックが休診となる木曜日だった。 　"
"命日","めい‐にち","「センセーの苦手な『寡黙』っていう意味よ」 ◇　　　◇　　　◇ 　葉月の三回目の命日は、ちょうどクリニックが休診となる木曜日だった。 　"
"助手席","じょしゅ‐せき","まさに墓参り日和だよ」 　四海は助手席に向かって言ったのだが、由佳からの返事がなかったせいで、なんだかひとりごとのようになってしまった。 　"
"仁王立ち","におう‐だち","スナックのドアを開けたら、目の前に二メートルのゴンママが仁王立ち。"
"紺碧","こん‐ぺき","◇　　　◇　　　◇ 　秋晴れのもと、紺碧の海を見下ろす高台には清々しい風が吹いていた。"
"頭上","ず‐じょう","頭上には背の高い松の枝が張り出していて、さらさらと心地よい葉擦れの音を奏でている。 　"
"葉擦れ","は‐ずれ","頭上には背の高い松の枝が張り出していて、さらさらと心地よい葉擦れの音を奏でている。 　"
"ぎくしゃく","ぎく‐しゃく","墓地に着いた二人は、少しぎくしゃくした空気のなか、葉月の眠る墓とその周囲の掃除をした。"
"墓石","はか‐いし","雑草を抜き、落ち葉を掃き、墓石を磨いていく。 "
"悪循環","あく‐じゅんかん","しかも、ぎこちない会話を投げかけると、由佳はいつも以上に口を閉ざしてしまうから、それはひどい悪循環だった。 　"
"線香","せん‐こう","しかし、掃除を終えて、線香をたむけ、その匂いに包まれながら墓石に手を合わせると、バラバラで落ち着かなかった気持ちがすうっと一本にまとまりはじめ、しっかりと葉月を憶うことができた。 　"
"包む","つつ・む","しかし、掃除を終えて、線香をたむけ、その匂いに包まれながら墓石に手を合わせると、バラバラで落ち着かなかった気持ちがすうっと一本にまとまりはじめ、しっかりと葉月を憶うことができた。 　"
"憶","おく","しかし、掃除を終えて、線香をたむけ、その匂いに包まれながら墓石に手を合わせると、バラバラで落ち着かなかった気持ちがすうっと一本にまとまりはじめ、しっかりと葉月を憶うことができた。 　"
"推し量る","おし‐はか・る","四海は由佳の言葉の意味を推し量った。 "
"おちおち","おち‐おち","父親がそんなんじゃ、葉月だっておちおち天国に行けないよ」 「…………」 　しゃべりながら由佳の感情がたかぶっていくのが分かった。 "
"たかぶる","たか‐ぶ・る","父親がそんなんじゃ、葉月だっておちおち天国に行けないよ」 「…………」 　しゃべりながら由佳の感情がたかぶっていくのが分かった。 "
"酷虐","こく‐ぎゃく","ただ、自分がかつて投げつけた酷虐な言葉のせいで、一時的に凍り付いていただけだったのだ。"
"帯びる","お・びる","人間らしい熱を帯びた由佳の暴言を、むしろ心地よく受け止めながら、四海はふと墓石を見た。"
"暴言","ぼう‐げん","人間らしい熱を帯びた由佳の暴言を、むしろ心地よく受け止めながら、四海はふと墓石を見た。"
"犬","いぬ","葉月の眠る墓石の上には一匹の赤トンボがとまっていて、犬も喰わない夫婦喧嘩をやれやれと眺めているように見えた。 　"
"根拠","こん‐きょ","何の根拠もなく、そんなことを思いはじめている自分が、なんだかおかしかった。 　"
"鰯雲","いわし‐ぐも","由佳の背後に広がる秋空には、きれいな鰯雲が浮かんでいた。 　"
"不平","ふ‐へい","由佳はひたすら昔みたいな早口で不平をぶつけてきた。 　"
"非難","ひ‐なん","と、かなり手厳しく四海を非難した。 　"
"はらはら","はら‐はら","とても人間らしく、はらはらときれいな涙を流しながら。 　"
"叩く","たたき","◇　　　◇　　　◇ 　翌日、ジムでぼんやりとコンセントレーション・カールをやっていたら、ケラさんに肩を叩かれた。 "
"上腕","じょう‐わん","ていうかケラさん、またひと回り上腕が太くなったみたいじゃないですか。"
"下半身","か‐はんしん","下半身って言っても股間じゃないわよ。"
"こぢんまり","こ‐ぢんまり","机と椅子、それに、本棚と小型の冷蔵庫とテレビを置いただけの、こぢんまりとした隠れ家だ。 　"
"無造作","む‐ぞうさ","いつもなら、その本棚は女性スタッフの誰かがきれいに整頓してくれているのだが、今日は珍しく乱雑なままで、本棚の上にまで絵本や雑誌が無造作に置かれていた。 　"
"浮上","ふ‐じょう","葉月が幸せに生きていることを証明していた、恵み深いリズム──そのぬくもりが、沈んでいた記憶の底からゆらゆらと浮上してきて、思わずその絵本を抱きしめたい衝動にかられた。 　"
"点く","つ・く","リビングの灯りは点いていた。 　"
"覆う","おお・う","本当に、ごめんな」 　由佳は両手で顔を覆って泣いた。 　"
"純喫茶","じゅん‐きっさ","目指すは、駅と会社の中間地点にある馴染みの純喫茶だ。"
"渋","しぶ","「かしこまりました」 　にっこり微笑んだマスターの背筋は、二十代のようにしゃんとしていて、しかも銀髪をオールバックに撫で付けているから、まるで往年の映画俳優のような渋さを漂わせている。 　"
"漂う","ただよ・う","「かしこまりました」 　にっこり微笑んだマスターの背筋は、二十代のようにしゃんとしていて、しかも銀髪をオールバックに撫で付けているから、まるで往年の映画俳優のような渋さを漂わせている。 　"
"湿っぽい","しめっ‐ぽ・い","なんだか、そういうのを見てたら、仕事とはいえ、ぐったりしちゃってさ」 　珍しく末次が湿っぽいため息をつくと、マスターがアイスコーヒーを出してくれた。 "
"すこぶる","すこぶる","当時はまだ日本経済もすこぶる元気で、右を見ても左を見ても、ギラギラとした活気があった。"
"雪崩","なだれ","時代の追い風を受けた会社は、起業と同時に雪崩のごとく仕事が入ってきた。"
"馬車馬","ばしゃ‐うま","末次は目眩がするほど忙しい日々を送り続け、馬車馬のように働き、十五年もすると、「末次プランニング」は社員数三十名を抱えるまでに成長していた。 　"
"絶頂","ぜっ‐ちょう","やがてバブルの絶頂期を迎えると、末次は夜な夜なお姉ちゃんのいる店で飲み歩いては、ハイヤーで帰宅するような遊蕩を尽くした。"
"儚い","はか‐な・い","しかし、そんな夢のような日々は、まさに泡のごとく儚くて、長くは続かなかった。 　"
"逝く","ゆ・く","せっかく雇った社員たちは、有能な者から順に退社していき、いよいよ会社をたたもうかと思ったところで、今度は妻が癌で他界し、パートナーの笹部までもが脳卒中で植物状態になり、半年で逝ってしまったのだった。"
"業態","ぎょう‐たい","末次は、せめて残された笹部の妻くらいは面倒を見てやらねば、との思いから、会社の業態をぎりぎりまでスリムにして、経営を合理化したうえで、形式上、笹部の妻を社員にした。"
"玉","ぎょく","ただ、太りすぎなくせに低血圧で、やたらと病弱なのが玉にきずなのだ。"
"病欠","びょう‐けつ","疲労にも弱く、病欠があまりにも多いから、定期的な仕事は任せられない。"
"ゆとり","ゆとり","「いやね、最近の若い奴らって、どう扱っていいか分からなくてさ」 「ゆとり世代ってやつですか？」 "
"愚痴る","ぐ‐ち","ほとほと困った顔で末次が愚痴ると、マスターはくすっと笑ってこめかみを人さし指でポリポリと搔いた。 "
"破格","は‐かく","取り柄があるとすれば、それは家賃が破格に安いことだ。 "
"胸裡","きょう‐り","末次は胸裡で気合いを入れ直した。"
"脳天","のう‐てん","二人ならラクですし」 　入社二年目の三田村友美は、脳天気なグラビアアイドルみたいな笑顔で、ゆとり感たっぷりな返事をした。"
"連鎖","れん‐さ","慣れ親しんだフリーウエイトゾーンは、筋トレ仲間たちの笑顔の連鎖で、じつに愉快な空気で満ちていた。"
"叱咤","しっ‐た","自分で自分を叱咤して、末次は上腕二頭筋に力を込めた。 "
"蛇足","だ‐そく","あと、これは蛇足ですが、社長が川上デザインの女社長を愛人にしていると、森田くんと三田村さんがネタにしておりました。"
"慎む","つつし・む","少々慎まれてはいかがでしょうか？》 　"
"老け込む","ふけ‐こ・む","それに、まだ自分は老け込んでなどいられない。"
"鍛える","きたえ","そのためにも中国から格安の回春剤を大量に取り寄せているし、ジムで身体を鍛えてもいるのだ。"
"佳境","か‐きょう","「あ、いま、佳境なので」 　パソコン画面に顔をくっつけたまま、小見山は素っ気ない口調で答える。 "
"すがる","すがる","すがるような気持ちで、ゆとり世代の二人を見た。 　"
"亀の甲","かめ‐の‐こう","やはり、亀の甲より年の功だ。"
"鷹揚","おう‐よう","席について、メニューを森田と三田村に手渡しながら、末次は鷹揚に言った。 "
"絶句","ぜ‐く","膵臓癌で」 「…………」 　絶句したのは、葉陰から覗き見している末次だった。"
"うむ","うん","「うん。"
"号泣","ごう‐きゅう","号泣」 「俺も号泣だったよ。"
"間際","ま‐ぎわ","死ぬ間際にさ、病院のベッドで、おばあちゃんの瘦せた手が俺の手を力無く握ってくれてさ、涙をぽろぽろ流しながら、ありがとねって言ってくれたんだよね。"
"団塊","だん‐かい","人を判断するときは、あくまでも個人の資質を問うべきであって、団塊世代だの、ゆとり世代だの、新人類だのと、目に見えない枠に勝手にあてはめてはいけないのだ。"
"憐憫","れん‐びん","しかし、そんな自分自身にそこはかとない憐憫を感じたりもして、ついついグラスのワインをがぶりと呷った。 　"
"説く","と・く","それから末次は、広告マンにとってクライアントを大事にすることがいかに大切であるかを切々と説き続けた。"
"極めつけ","きめ","極めつけは、末次の言葉にかぶせるように森田が言い放ったこの台詞だった。 "
"訴える","うったえ","午前零時をまわっても、末次の口は、ゆとり世代の信じられないような行動について、切々と訴え続けていた。"
"愚痴る","ぐ‐ち","カウンターのなかに立つゴンママとカオリちゃんは、そんな末次の愚痴を流すでもなく、モロに受け止めるでもなく、絶妙なさじ加減の受け答えで相手をしてくれる。 "
"流麗","りゅう‐れい","「かしこまりました」 　バーテンダーらしい流麗な所作でお辞儀をすると、カオリちゃんは冷蔵庫からレモンとオレンジを取り出した。 "
"清楚","せい‐そ","カオリちゃんも人が悪いなぁ」 　思わず眉をハの字にした末次に、しかしカオリちゃんはにっこりと清楚な笑みを返した。 "
"突","とつ","チョンと突ついただけなのに、末次は危うくスツールからひっくり返りそうになった。"
"唐突","とう‐とつ","しっかりと最後までやり遂げてくれ」 　唐突にそんなことを言われたゆとり組は、ポカーンとした顔をしていたけれど、すぐに二人そろって、 「はーい」 「はーい」 　と、相変わらずの間延びした返事をした。"
"詮索","せん‐さく","その手前、いちいち進捗状況を詮索するのもどうかと思ってしまうのだ。 　"
"清爽","せい‐そう","雑木林に囲まれた福幸苑の駐車場には、森の匂いのする清爽な風が吹き抜けていた。"
"は苑","は","末次を先頭に、三人は苑の玄関に向かって歩いた。 　"
"神妙","しん‐びょう","失礼致します」 　三人そろって、神妙に椅子に腰掛けた。 　"
"すれすれ","すれ‐すれ","広告に噓を書いちゃ、やっぱ駄目っす」 「噓とは何だ、噓とはっ」 　テーブルに身を乗り出した大原は、もはや激昂すれすれだった。"
"激昂","げき‐こう","広告に噓を書いちゃ、やっぱ駄目っす」 「噓とは何だ、噓とはっ」 　テーブルに身を乗り出した大原は、もはや激昂すれすれだった。"
"潤む","うる・む","森田の目も、たっぷりと潤んでいる。 　"
"威厳","い‐げん","そして、再び息を吸って、今度は、社長としての威厳をのせた低音で、きっぱりと言った。 "
"直談判","じか‐だんぱん","まあ、直談判つーやつです」 　よりによって、直談判だと？　"
"苦笑","く‐しょう","と、つまらないことに感動している自分に苦笑しながら、末次はさらに続けた。 "
"脳裏","のう‐り","思わず嘆息してしまった末次だが、しかし、その脳裏にはキラリといいアイデアが降ってきたのだ。 "
"打破る","だ‐は","ついに打破したんだ」 《ん、打破って、何を？》 　"
"阿吽","あ‐うん","「もちろん、プラトーだよ」 第六章　権田鉄雄の阿吽 　深夜の二時を回ったところで、本日最後の常連客がカウンター席を立った。 "
"恒例","こう‐れい","毎日スナックひばりで恒例となっている、二人だけの「プチお疲れさま乾杯」だ。 "
"無慈悲","む‐じひ","無慈悲な秒針の音が権田に「独り」であることを力ずくで確認させようとするからだ。"
"小玉","こ‐だま","しかし、黄色い小玉電球はつけたままだった。"
"核","かく","根深く染み付いた不安が、黒いエネルギーの核となって、権田の思考をネガティブな方向へと引きずり込んでいく。 　"
"ノンケ","ノン","つまり、ノンケの人よりも、ずっと、ずっと、ずっと、独りぼっちで一生を終える確率が高いのだ。 　"
"担ぐ","かつぎ","権田は弾かれたような動作で四十キロのダンベルを両手に握ると、それを肩の上に担ぎ上げて、そのまま万歳をするようにダンベルを持ち上げ、そして下げた。"
"万歳","ばん‐ざい","権田は弾かれたような動作で四十キロのダンベルを両手に握ると、それを肩の上に担ぎ上げて、そのまま万歳をするようにダンベルを持ち上げ、そして下げた。"
"自虐","じ‐ぎゃく","それでもなお、夜更けのこの自虐的なトレーニングから逃れられない日々を、権田は送るほかなかったのだ。 　"
"打撲","だ‐ぼく","◇　　　◇　　　◇ 　全身数ヶ所の打撲と、頭部裂傷、そして、腰椎捻挫。 　"
"頭部","とう‐ぶ","◇　　　◇　　　◇ 　全身数ヶ所の打撲と、頭部裂傷、そして、腰椎捻挫。 　"
"裂傷","れっ‐しょう","◇　　　◇　　　◇ 　全身数ヶ所の打撲と、頭部裂傷、そして、腰椎捻挫。 　"
"腰椎","よう‐つい","◇　　　◇　　　◇ 　全身数ヶ所の打撲と、頭部裂傷、そして、腰椎捻挫。 　"
"捻挫","ねん‐ざ","◇　　　◇　　　◇ 　全身数ヶ所の打撲と、頭部裂傷、そして、腰椎捻挫。 　"
"た","た","「わたしも長いこと整形外科医をやってるけど、あなたみたいなすごいマッチョを診たのははじめてよ。"
"を","を","「わたしも長いこと整形外科医をやってるけど、あなたみたいなすごいマッチョを診たのははじめてよ。"
"診","しん","「わたしも長いこと整形外科医をやってるけど、あなたみたいなすごいマッチョを診たのははじめてよ。"
"介抱","かい‐ほう","おそらく自分を介抱したときに付いた血液だろうと権田は思った。 "
"涙ぐむ","なみだ‐ぐ・む","だから、ちゃんとわたしがカウンターに立って、ママは大丈夫ですよって伝えてあげないと」 　優しすぎる台詞に、権田はうっかり涙ぐみそうになったのだが、そこで白いキノコ頭のオバチャン先生が口を挟んだのだった。 "
"消灯","しょう‐とう","消灯後も薄明かりがついているから、完全な暗闇にはならないものの、それでも闇は闇らしく重さをまとい、動けない権田に圧力をかけはじめた。 　"
"比例","ひ‐れい","闇の濃さと、秒針の音の大きさは、不思議と比例するのだ。 　"
"巨漢","きょ‐かん","まさか権田のようなマッチョな巨漢が、そんなはずはないと思ったのだろう。 "
"き","き","ありがとうございます」 　できればもう少し話をしていたかったけれど、深夜の巡回があるのだろう、看護師は「じゃ、おやすみなさい」と小声で言って、きびすを返した。"
"圧迫","あっ‐ぱく","秒針の音がさっきよりもいっそう大きくなり、それが部屋に積み重なって、権田の心を圧迫しはじめた。 　"
"娑婆","さ‐ば","「やっぱり、娑婆はいいもんね」 　権田も並んで立ち止まると、秋晴れの空を見上げながら、同じ匂いをかいだ。 "
"毎号","まい‐ごう","権田は、あの焼けるような筋肉痛が恋しくなり、苦肉の策として毎号購読しているマニアックな雑誌『トレーニングマガジン』のページをめくった。"
"擦り寄る","すり‐よ・る","「チロちゃん、おいで」 「みゃあ」 　黒猫はのんびりした動作でカオリちゃんの足元に擦り寄ると、皿のなかのミルクを舐めはじめた。 "
"禅","ぜん","それが、禅の「幸せに生きる極意」なのよ──。 　"
"底冷え","そこ‐びえ","風はないけれど、底冷えするような夕刻だった。 　"
"夕刻","ゆう‐こく","風はないけれど、底冷えするような夕刻だった。 　"
"陣取る","じん‐ど・る","快適な場所を見つけたなら、そこに堂々と陣取って、とても満足そうな顔をして寝そべっていればいいのだ。 "
"塊","かい","銀色の金属の塊は、蛍光灯の光を鈍く反射させていた。"
"蛍光灯","けいこう‐とう","銀色の金属の塊は、蛍光灯の光を鈍く反射させていた。"
"破裂音","はれつ‐おん","薄暗い店内から、いきなりクラッカーの破裂音と歓声があがった。 "
"屈強","くっ‐きょう","「なんだよ、案外、たいしたことなさそうだな」 「まあ、あの屈強な身体ですからね、ダンプに轢かれても壊れませんよ」 「だよな」 　シャチョーとケラさんがにこにこ笑って言う。 "
"決壊","けっ‐かい","「あら、やーねぇ、あたしったら、やっぱり人気者じゃない」 　ややもすると決壊しそうな涙腺から熱を散らそうとして、権田はジョークを口にした。"
"屈託","くっ‐たく","みんな、屈託のない笑顔を自分に向けてくれていた。"
"貪欲","たん‐よく","もっと貪欲に行こう！　"
"喝采","かっ‐さい","みんな、やんやの喝采だ。 　"
